Treasury Bond,Coupon Rate,Maturity Date,Present Value,Future Value
1,6.000%,15-Feb-2026,1014.2801178160505,1014.2801178160505
2,6.500%,15-Nov-2026,1028.2148065600738,1028.2148065600738
3,6.625%,15-Feb-2027,1037.7473565269074,1037.7473565269074
4,2.250%,15-Aug-2027,924.2632762782779,924.2632762782779
5,6.375%,15-Aug-2027,1037.8683618608618,1037.8683618608618
6,6.125%,15-Nov-2027,1030.9832051588871,1030.9832051588871
7,2.750%,15-Feb-2028,928.5693557875389,928.5693557875389
8,5.500%,15-Aug-2028,1017.9253429186915,1017.9253429186915
9,5.250%,15-Nov-2028,1008.9626714593461,1008.9626714593461
10,5.250%,15-Feb-2029,1009.9635819115572,1009.9635819115572
11,6.125%,15-Aug-2029,1049.2303596117124,1049.2303596117124
12,6.250%,15-May-2030,1059.4638044571407,1059.4638044571407
13,5.375%,15-Feb-2031,1020.5934718259541,1020.5934718259541
14,4.500%,15-Feb-2036,956.6697238040165,956.6697238040165
15,4.750%,15-Feb-2037,976.9695294724656,976.9695294724656
16,4.375%,15-Feb-2028,980.1581543854279,980.1581543854279
17,4.500%,15-May-2038,951.339972820873,951.339972820873
18,4.250%,15-May-2039,923.2991878465759,923.2991878465759
19,4.500%,15-Aug-2039,947.6742685180989,947.6742685180989
20,4.375%,15-Nov-2039,934.5928356476231,934.5928356476231
21,4.625%,15-Feb-2040,959.8836111108044,959.8836111108044
22,3.875%,15-Aug-2040,877.0983739828389,877.0983739828389
23,4.250%,15-Nov-2040,918.0655826552265,918.0655826552265
24,4.750%,15-Feb-2041,972.1351488309692,972.1351488309692
25,4.375%,15-May-2041,930.3378720774203,930.3378720774203
26,3.125%,15-Nov-2041,786.9645036412267,786.9645036412267
27,3.125%,15-Feb-2042,783.0141498938797,783.0141498938797
28,2.750%,15-Aug-2042,734.9921754855174,734.9921754855174
29,3.125%,15-Feb-2043,775.4001426711527,775.4001426711527
30,2.875%,15-May-2043,745.4534950273061,745.4534950273061
31,3.625%,15-Aug-2043,832.6033541061911,832.6033541061911
32,3.625%,15-Feb-2044,829.9788820548208,829.9788820548208
33,3.375%,15-May-2044,799.0659515193332,799.0659515193332
34,3.125%,15-Aug-2044,764.6614838866788,764.6614838866788
35,2.500%,15-Feb-2045,681.6734749745407,681.6734749745407
36,3.000%,15-May-2045,745.338779979633,745.338779979633
37,2.875%,15-Aug-2045,725.6560524179122,725.6560524179122
38,2.500%,15-Feb-2046,672.9194288871299,672.9194288871299
39,2.875%,15-Nov-2046,718.3965995649373,718.3965995649373
40,3.000%,15-May-2047,731.6697614369585,731.6697614369585
41,2.750%,15-Aug-2047,694.5155918210519,694.5155918210519
42,2.750%,15-Nov-2047,694.5155918210519,694.5155918210519
43,3.125%,15-May-2048,742.4923510740264,742.4923510740264
