Treasury Bond,Coupon Rate,Maturity Date
1,6.000%,15-Feb-2026
2,6.500%,15-Nov-2026
3,6.625%,15-Feb-2027
4,2.250%,15-Aug-2027
5,6.375%,15-Aug-2027
6,6.125%,15-Nov-2027
7,2.750%,15-Feb-2028
8,5.500%,15-Aug-2028
9,5.250%,15-Nov-2028
10,5.250%,15-Feb-2029
11,6.125%,15-Aug-2029
12,6.250%,15-May-2030
13,5.375%,15-Feb-2031
14,4.500%,15-Feb-2036
15,4.750%,15-Feb-2037
16,4.375%,15-Feb-2028
17,4.500%,15-May-2038
18,4.250%,15-May-2039
19,4.500%,15-Aug-2039
20,4.375%,15-Nov-2039
21,4.625%,15-Feb-2040
22,3.875%,15-Aug-2040
23,4.250%,15-Nov-2040
24,4.750%,15-Feb-2041
25,4.375%,15-May-2041
26,3.125%,15-Nov-2041
27,3.125%,15-Feb-2042
28,2.750%,15-Aug-2042
29,3.125%,15-Feb-2043
30,2.875%,15-May-2043
31,3.625%,15-Aug-2043
32,3.625%,15-Feb-2044
33,3.375%,15-May-2044
34,3.125%,15-Aug-2044
35,2.500%,15-Feb-2045
36,3.000%,15-May-2045
37,2.875%,15-Aug-2045
38,2.500%,15-Feb-2046
39,2.875%,15-Nov-2046
40,3.000%,15-May-2047
41,2.750%,15-Aug-2047
42,2.750%,15-Nov-2047
43,3.125%,15-May-2048